-- MySQL dump 10.13  Distrib 5.5.53, for debian-linux-gnu (x86_64)
--
-- Host: localhost    Database: sharktank
-- ------------------------------------------------------
-- Server version	5.5.53-0ubuntu0.14.04.1

/*!40101 SET @OLD_CHARACTER_SET_CLIENT=@@CHARACTER_SET_CLIENT */;
/*!40101 SET @OLD_CHARACTER_SET_RESULTS=@@CHARACTER_SET_RESULTS */;
/*!40101 SET @OLD_COLLATION_CONNECTION=@@COLLATION_CONNECTION */;
/*!40101 SET NAMES utf8 */;
/*!40103 SET @OLD_TIME_ZONE=@@TIME_ZONE */;
/*!40103 SET TIME_ZONE='+00:00' */;
/*!40014 SET @OLD_UNIQUE_CHECKS=@@UNIQUE_CHECKS, UNIQUE_CHECKS=0 */;
/*!40014 SET @OLD_FOREIGN_KEY_CHECKS=@@FOREIGN_KEY_CHECKS, FOREIGN_KEY_CHECKS=0 */;
/*!40101 SET @OLD_SQL_MODE=@@SQL_MODE, SQL_MODE='NO_AUTO_VALUE_ON_ZERO' */;
/*!40111 SET @OLD_SQL_NOTES=@@SQL_NOTES, SQL_NOTES=0 */;

--
-- Table structure for table `company`
--

DROP TABLE IF EXISTS `company`;
/*!40101 SET @saved_cs_client     = @@character_set_client */;
/*!40101 SET character_set_client = utf8 */;
CREATE TABLE `company` (
  `id` int(11) NOT NULL AUTO_INCREMENT,
  `season` int(11) DEFAULT NULL,
  `no_in_series` int(11) DEFAULT NULL,
  `name` varchar(100) DEFAULT NULL,
  `deal` tinyint(1) DEFAULT NULL,
  `industry` varchar(100) DEFAULT NULL,
  `gender` varchar(45) DEFAULT NULL,
  `equity` double DEFAULT NULL,
  `valuation` double DEFAULT NULL,
  `notes` text,
  PRIMARY KEY (`id`)
) ENGINE=InnoDB AUTO_INCREMENT=496 DEFAULT CHARSET=latin1;
/*!40101 SET character_set_client = @saved_cs_client */;

--
-- Dumping data for table `company`
--

LOCK TABLES `company` WRITE;
/*!40000 ALTER TABLE `company` DISABLE KEYS */;
INSERT INTO `company` VALUES (1,1,1,'Ava the Elephant',1,'Healthcare','Female',55,90909,''),(2,1,1,'Mr. Tod\'s Pie Factory',1,'Food and Beverage','Male',50,920000,''),(3,1,1,'Wispots',0,'Business Services','Male',0,0,''),(4,1,1,'College Foxes Packing Boxes',0,'Lifestyle / Home','Male',0,0,''),(5,1,1,'Ionic Ear',0,'Uncertain / Other','Male',0,0,''),(6,1,2,'A Perfect Pear',1,'Food and Beverage','Female',50,1000000,''),(7,1,2,'Classroom Jams',1,'Children / Education','Male',10,2500000,''),(8,1,2,'Lifebelt',0,'Consumer Products','Male',0,0,''),(9,1,2,'Crooked Jaw',0,'Fashion / Beauty','Male',0,0,''),(10,1,2,'Sticky Note Holder',0,'Lifestyle / Home','Female',0,0,''),(11,1,3,'Turbobaster',1,'Food and Beverage','Female',100,35000,'2% royalty'),(12,1,3,'Stress Free Kids',1,'Children / Education','Female',50,500000,''),(13,1,3,'Kwyzta Chopstick Art',0,'Children / Education','Male',0,0,''),(14,1,3,'50 State Capitals in 50 Minutes',0,'Children / Education','Male',0,0,''),(15,1,3,'Voyage Air Guitar',0,'Media / Entertainment','Male',0,0,''),(16,1,4,'Gift Card Rescue',1,'Software / Tech','Male',50,400000,''),(17,1,4,'Coverplay',1,'Children / Education','Female',40,87500,''),(18,1,4,'Graffiti Removal Services',0,'Business Services','Male',0,0,''),(19,1,4,'\"Souls Calling',0,'No','Fashion / Beauty',0,0,''),(20,1,4,'Coffee Brand Gifts',0,'Food and Beverage','Male',0,0,''),(21,1,5,'My Therapy Journal',1,'Healthcare','Male',51,156863,''),(22,1,5,'Body Jac',1,'Fitness / Sports','Male',50,360000,'contingent on him losing 30 pounds!'),(23,1,5,'Good Grief Celebrations',0,'Business Services','Female',0,0,''),(24,1,5,'Granola Gourmet',0,'Food and Beverage','Male',0,0,''),(25,1,5,'Face Blok',0,'Healthcare','Female',0,0,''),(26,1,6,'Pork Barrel BBQ Sauce',1,'Food and Beverage','Male',50,100000,''),(27,1,6,'Element Bars',1,'Fitness / Sports','Male',30,500000,'\"license bars'),(28,1,6,'Underease Underwear',0,'Fashion / Beauty','Mixed Team',0,0,''),(29,1,6,'Kalyx Technologies',0,'Fashion / Beauty','Female',0,0,''),(30,1,6,'The Fizz',0,'Food and Beverage','Male',0,0,''),(31,1,7,'Soy-Yer-Dough',1,'Food and Beverage','Male',51,588235,''),(32,1,7,'Grill Charms Set',1,'Fashion / Beauty','Female',20,250000,''),(33,1,7,'Boogie Box Fitness',0,'Fitness / Sports','Female',0,0,''),(34,1,7,'The Fun house Project',0,'Media / Entertainment','Male',0,0,''),(35,1,8,'Treasure Chest Pets',1,'Pet Products','Female',60,166667,''),(36,1,8,'Notehall',1,'Software / Tech','Male',25,360000,'deal did not go through after show; acquired by Chegg for 3.7M in equity'),(37,1,8,'Throx',0,'Fashion / Beauty','Male',0,0,''),(38,1,8,'Washed Up Hollywood',0,'Fashion / Beauty','Male',0,0,''),(39,1,9,'Gayla Bentley Fashion',1,'Fashion / Beauty','Female',50,500000,''),(40,1,9,'Chill Soda',1,'Food and Beverage','Male',20,250000,''),(41,1,9,'Cornucopia Express',0,'Pet Products','Male',0,0,''),(42,1,9,'Virtusphere',0,'Software / Tech','Male',0,0,''),(43,1,10,'The URO Club',1,'Uncertain / Other','Male',70,35714,''),(44,1,10,'Jump Forward',1,'Uncertain / Other','Male',50,1200000,''),(45,1,10,'The Bobble Place',0,'Children / Education','Male',0,0,''),(46,1,10,'Mr. Poncho',0,'Fashion / Beauty','Mixed Team',0,0,''),(47,1,11,'Hells Bells Helmets',1,'Consumer Products','Mixed Team',50,1000000,''),(48,1,11,'Chef In Black',1,'Food and Beverage','Female',40,125000,''),(49,1,11,'Ink Flip',0,'Business Services','Male',0,0,''),(50,1,11,'Romp N?ÇÖ Roll',0,'Children / Education','Mixed Team',0,0,''),(51,1,11,'The Twister',0,'Fitness / Sports','Male',0,0,''),(52,1,12,'Grease Monkey Wipes',1,'Lifestyle / Home','Mixed Team',40,100000,''),(53,1,12,'Wee Can Shop',0,'Children / Education','Mixed Team',0,0,''),(54,1,12,'The Podillow',0,'Consumer Products','Mixed Team',0,0,''),(55,1,12,'The Factionist',0,'Fashion / Beauty','Male',0,0,''),(56,1,13,'Caffeindicator',1,'Food and Beverage','Male',50,400000,''),(57,1,13,'Lipstick Remix',1,'Fashion / Beauty','Female',50,210000,''),(58,1,13,'Legal Grind',0,'Business Services','Mixed Team',0,0,''),(59,1,13,'Captain Ice Cream',0,'Food and Beverage','Male',0,0,''),(60,1,14,'Nubrella',1,'Fashion / Beauty','Male',51,392157,'Deal fell through after show'),(61,1,14,'Qubits',1,'Children / Education','Male',51,176471,'Deal fell through after show'),(62,1,14,'Send A Ball',0,'Children / Education','Female',0,0,''),(63,1,14,'Pillars of Slippers',0,'Fashion / Beauty','Female',0,0,''),(64,1,14,'Llama Brew',0,'Green/CleanTech','Mixed Team',0,0,''),(65,2,1,'Wurkin Stiffs',1,'Consumer Products','Male',40,250000,''),(66,2,1,'Tippi Toes',1,'Fitness / Sports','Female',30,333333,''),(67,2,1,'CBS Foods',0,'Food and Beverage','Male',0,0,''),(68,2,1,'Copa di Vino',0,'Food and Beverage','Male',0,0,''),(69,2,2,'Toygaroo',1,'Children / Education','Female',35,571429,'Company filed for Chapter 7 bankruptcy in April 2012'),(70,2,2,'First Defense Nasal Screen',1,'Healthcare','Male',30,2500000,'10% perpetual royalty'),(71,2,2,'Vurtego',0,'Fitness / Sports','Male',0,0,''),(72,2,2,'Wake n\' Bacon',0,'Food and Beverage','Male',0,0,''),(73,2,3,'Mod Mom Furniture',1,'Lifestyle / Home','Female',33,272727,'7.5% royalty fee after they hit $500K'),(74,2,3,'Flipoutz',1,'Fashion / Beauty','Mixed Team',25,400000,''),(75,2,3,'Fitness Stride',0,'Fitness / Sports','Male',0,0,''),(76,2,3,'Pure Ayre',0,'Lifestyle / Home','Male',0,0,''),(77,2,4,'Broccoli Wad',1,'Food and Beverage','Male',40,125000,''),(78,2,4,'Hillbilly Brand',1,'Fashion / Beauty','Male',25,300000,'7% royalty'),(79,2,4,'Ride-On Carry-On',1,'Consumer Products','Mixed Team',25,200000,''),(80,2,4,'Uncle Zip\'s Beef Jerky',0,'Food and Beverage','Male',0,0,''),(81,2,5,'Lightfilm',1,'Consumer Products','Male',70,14286,'founders receive 75% of the profit\'s until the $750k was paid back'),(82,2,5,'Fridge Fronts',1,'Lifestyle / Home','Female',50,200000,'magnetic decorative finish for refrigerators; deal did not go through'),(83,2,5,'New Era Brands',0,'Consumer Products','Male',0,0,'clip-on gum and clip-on contact lens cases'),(84,2,5,'Thin Gloss',0,'Fashion / Beauty','Female',0,0,'weight loss lip gloss'),(85,2,6,'Sweep Easy',1,'Lifestyle / Home','Male',33,227273,''),(86,2,6,'Daisy Cakes',1,'Food and Beverage','Female',25,200000,'Barbara gets $1 per every cake sold until investment is paid back'),(87,2,6,'Hot Mama Gowns',0,'Fashion / Beauty','Female',0,0,'luxury maternity gowns'),(88,2,6,'Caddy Swag',0,'Fitness / Sports','Mixed Team',0,0,''),(89,2,7,'Hydromax',1,'Fitness / Sports','Male',50,100000,''),(90,2,7,'Carsik Bib',0,'Children / Education','Male',0,0,''),(91,2,7,'Ecomowers',0,'Green/CleanTech','Male',0,0,''),(92,2,7,'Games2U',0,'Media / Entertainment','Male',0,0,''),(93,2,8,'HyConn',1,'Uncertain / Other','Male',100,1250000,'deal did not go through after show'),(94,2,8,'Origaudio',1,'Software / Tech','Male',15,1000000,'deal did not go through after diligence'),(95,2,8,'Man Candle',0,'Lifestyle / Home','Male',0,0,''),(96,2,8,'Original Runner Company',0,'Lifestyle / Home','Female',0,0,''),(97,2,9,'Aldo Orta Jewelry',1,'Fashion / Beauty','Male',45,400000,''),(98,2,9,'One Sole',1,'Fashion / Beauty','Female',35,1428571,''),(99,2,9,'CitiKitty',1,'Pet Products','Female',30,333333,''),(100,2,9,'Samson Martin',0,'Fashion / Beauty','Female',0,0,''),(101,3,1,'EZ VIP',1,'Media / Entertainment','Male',30,500000,''),(102,3,1,'The Clean Bottle',1,'Food and Beverage','Male',8,750000,''),(103,3,1,'My Wonderful Life',0,'Business Services','Female',0,0,''),(104,3,1,'Business Ghost',0,'Business Services','Male',0,0,''),(105,3,2,'I Want To Draw A Cat For You',1,'Software / Tech','Male',33,75758,''),(106,3,2,'Salespreneur',0,'Business Services','Male',0,0,''),(107,3,2,'Invis-A-Rack',0,'Consumer Products','Male',0,0,''),(108,3,2,'Vegas Magic Show',0,'Media / Entertainment','Male',0,0,''),(109,3,3,'You Smell Soap',1,'Fashion / Beauty','Female',50,100000,'deal terms changed after dilligence (http://sharktanksuccess.blogspot.com/2013/07/you-smell-soap-update.html)'),(110,3,3,'Chord Buddy',1,'Media / Entertainment','Male',20,875000,''),(111,3,3,'Liquid Money',0,'Consumer Products','Male',0,0,''),(112,3,3,'Tail Lightz',0,'Fashion / Beauty','Male',0,0,''),(113,3,4,'Wine Balloon',1,'Food and Beverage','Male',100,400000,'deal fell apart after show'),(114,3,4,'Show No',1,'Fashion / Beauty','Female',25,300000,''),(115,3,4,'The Swilt',0,'Fashion / Beauty','Female',0,0,''),(116,3,4,'Puppy Cake',0,'Pet Products','Female',0,0,''),(117,3,5,'The Last Lid',1,'Lifestyle / Home','Mixed Team',60,66667,''),(118,3,5,'Talbott Teas',1,'Food and Beverage','Male',35,714286,'Acquired by Jamba Juice'),(119,3,5,'M3 Girl Designs',1,'Fashion / Beauty','Female',30,1000000,''),(120,3,5,'Ledge Pillow',0,'Lifestyle / Home','Female',0,0,''),(121,3,6,'Readerest Specsecure',1,'Consumer Products','Male',65,230769,''),(122,3,6,'The Painted Pretzel',1,'Food and Beverage','Female',25,400000,''),(123,3,6,'Esso Watches',0,'Fashion / Beauty','Male',0,0,''),(124,3,6,'Five Minute Furniture',0,'Lifestyle / Home','Male',0,0,''),(125,3,7,'Kisstixx',1,'Fashion / Beauty','Male',40,500000,''),(126,3,7,'The Smart Baker',1,'Food and Beverage','Mixed Team',40,187500,'5% royalty until investment paid back'),(127,3,7,'ScotteVest',0,'Fashion / Beauty','Male',0,0,''),(128,3,7,'The Heat Helper',0,'Lifestyle / Home','Male',0,0,''),(129,3,8,'Litter',1,'Fashion / Beauty','Female',51,156863,''),(130,3,8,'Nardo\'s Natural',1,'Fashion / Beauty','Male',50,150000,''),(131,3,8,'The Original Profender',0,'Fitness / Sports','Male',0,0,''),(132,3,8,'Rent-A-Grandma',0,'Lifestyle / Home','Male',0,0,''),(133,3,9,'Tower Paddle Boards',1,'Fitness / Sports','Male',30,500000,'\"plus \"\"first right of refusal\"\" on any future inventions\"'),(134,3,9,'Miso Media',1,'Media / Entertainment','Male',8,3750000,''),(135,3,9,'Instant Lifts',0,'Fashion / Beauty','Mixed Team',0,0,''),(136,3,9,'Vinamor',0,'Food and Beverage','Male',0,0,''),(137,3,10,'GoGo Gear',1,'Fitness / Sports','Female',50,600000,''),(138,3,10,'The Ave Venice',0,'Fashion / Beauty','Male',0,0,''),(139,3,10,'Brewer?ÇÖs Cow',0,'Food and Beverage','Male',0,0,''),(140,3,10,'Bark?ÇÖem?ÇÖs To Go',0,'Pet Products','Male',0,0,''),(141,3,11,'ViewSport',0,'Fitness / Sports','Male',0,0,''),(142,3,11,'Blondies Cookies',0,'Food and Beverage','Female',0,0,''),(143,3,11,'Copa di Vino',0,'Food and Beverage','Male',0,0,''),(144,3,11,'The Sullivan Generator',0,'Green/CleanTech','Male',0,0,''),(145,3,12,'Lollacup',1,'Children / Education','Mixed Team',40,250000,''),(146,3,12,'Nail Pak',1,'Fashion / Beauty','Female',40,125000,''),(147,3,12,'Debbie Brooks Handbags',0,'Fashion / Beauty','Mixed Team',0,0,''),(148,3,12,'Trimi Tank',0,'Fashion / Beauty','Female',0,0,''),(149,3,13,'Villy Customs',1,'Fitness / Sports','Male',42,1190476,''),(150,3,13,'Boot Illusions',1,'Fashion / Beauty','Mixed Team',40,1250000,''),(151,3,13,'AirBedz',0,'Consumer Products','Male',0,0,''),(152,3,13,'Skyride',0,'Uncertain / Other','Male',0,0,''),(153,3,14,'Dance With Me',1,'Fitness / Sports','Male',50,200000,''),(154,3,14,'Wild Squirrel Nut Butter',1,'Food and Beverage','Female',40,125000,''),(155,3,14,'Mix Bikini',1,'Fashion / Beauty','Male',25,200000,''),(156,3,14,'Cab20 Rock Band',0,'Media / Entertainment','Male',0,0,''),(157,3,15,'Remyxx ReKixx Sneakers',1,'Fashion / Beauty','Male',80,62500,''),(158,3,15,'UniKey Technologies',1,'Software / Tech','Male',40,1250000,'Deal did not close after snow (http://pando.com/2013/05/08/life-after-shark-tank-the-real-story-of-how-unikey-finally-came-to-market/)'),(159,3,15,'The NitroForce Titan 1000',0,'Fitness / Sports','Mixed Team',0,0,''),(160,3,15,'Cougar Limited',0,'Food and Beverage','Male',0,0,''),(161,4,1,'Bev Buckle',1,'Food and Beverage','Male',51,98039,''),(162,4,1,'Buggy Beds',1,'Lifestyle / Home','Female',25,1000000,''),(163,4,1,'Coat Chex',0,'Business Services','Male',0,0,''),(164,4,1,'Body Walking',0,'Fashion / Beauty','Male',0,0,''),(165,4,2,'SurfSet Fitness',1,'Fitness / Sports','Mixed Team',30,1000000,''),(166,4,2,'CateApp',1,'Software / Tech','Male',30,250000,''),(167,4,2,'Alpha M',0,'Business Services','Male',0,0,''),(168,4,2,'eCreamery',0,'Food and Beverage','Female',0,0,''),(169,4,3,'Rock Bands',1,'Fashion / Beauty','Male',40,250000,''),(170,4,3,'Posture Now',1,'Healthcare','Male',30,333333,''),(171,4,3,'FuzziBunz',0,'Children / Education','Female',0,0,''),(172,4,3,'Liz Lovely Cookies',0,'Food and Beverage','Mixed Team',0,0,''),(173,4,4,'Bag Bowl',1,'Lifestyle / Home','Male',33,121212,''),(174,4,4,'Back 9 Dips',1,'Food and Beverage','Mixed Team',25,600000,''),(175,4,4,'Lift Hamper',0,'Lifestyle / Home','Male',0,0,''),(176,4,4,'Zomm',0,'Lifestyle / Home','Male',0,0,''),(177,4,5,'Cozy Bugs',1,'Fashion / Beauty','Female',30,166667,''),(178,4,5,'Marz Sprays',1,'Healthcare','Male',25,800000,'plus option to buy back option of half the stock for 4X investment'),(179,4,5,'Wired Waffles',0,'Food and Beverage','Male',0,0,''),(180,4,5,'The Spatty and The Spaddy Dadd',0,'Food and Beverage','Female',0,0,''),(181,4,6,'PRO-NRG',1,'Food and Beverage','Mixed Team',30,833333,'contingent on a deal with Bad Ass Energy'),(182,4,6,'Cousins Maine Lobster',1,'Food and Beverage','Male',15,366667,''),(183,4,6,'Freaker USA',0,'Food and Beverage','Male',0,0,''),(184,4,6,'EcoNutsSoap',0,'Lifestyle / Home','Mixed Team',0,0,''),(185,4,7,'SBU',1,'Fitness / Sports','Male',33,909091,''),(186,4,7,'Scrub Daddy',1,'Lifestyle / Home','Male',20,1000000,''),(187,4,7,'The Shemie',0,'Fashion / Beauty','Male',0,0,''),(188,4,7,'The Bear & The Rat',0,'Pet Products','Mixed Team',0,0,''),(189,4,8,'The Cool Wazoo',1,'Children / Education','Female',35,185714,''),(190,4,8,'Plate Topper',1,'Food and Beverage','Male',8,1125000,''),(191,4,8,'No Fly Cone',0,'Pet Products','Male',0,0,''),(192,4,9,'Drive Suits',1,'Uncertain / Other','Male',30,500000,''),(193,4,9,'Ice Chips Candy',1,'Food and Beverage','Female',20,625000,''),(194,4,9,'ReVestor',0,'Software / Tech','Male',0,0,''),(195,4,9,'PC Classes Online',0,'Software / Tech','Male',0,0,''),(196,4,10,'Ruck Pack Combat Nutrition',1,'Fashion / Beauty','Male',20,750000,''),(197,4,10,'Nearly Newlywed',0,'Fashion / Beauty','Female',0,0,''),(198,4,10,'Tie Try',0,'Fashion / Beauty','Male',0,0,''),(199,4,10,'Corks Away',0,'Food and Beverage','Male',0,0,''),(200,4,11,'The Living Christmas Company',1,'Lifestyle / Home','Male',40,375000,''),(201,4,11,'The Coop',1,'Children / Education','Female',15,1000000,'plus personal guarantee she will get her investment back within 2 years'),(202,4,11,'Partie Poche',0,'Fashion / Beauty','Mixed Team',0,0,''),(203,4,11,'Fat Ass Fudge',0,'Food and Beverage','Female',0,0,''),(204,4,12,'Hot Tot',1,'Children / Education','Female',40,187500,''),(205,4,12,'The GameFace Company',1,'Fashion / Beauty','Male',35,1285714,''),(206,4,12,'Dura Tent',0,'Food and Beverage','Male',0,0,''),(207,4,12,'ARKEG',0,'Uncertain / Other','Male',0,0,''),(208,4,13,'Coffee Joulies',1,'Food and Beverage','Male',0,0,'\"plus royalty fee of $6 per Coffee Joulies sold retail'),(209,4,13,'Teddy Needs',1,'Children / Education','Female',30,333333,'plus 10% royalty until he gets his investment paid back in full'),(210,4,13,'Urbio',1,'Lifestyle / Home','Male',15,2000000,''),(211,4,13,'Sub Zero Ice Cream',0,'Food and Beverage','Mixed Team',0,0,''),(212,4,14,'Sound Bender',1,'Software / Tech','Male',40,135000,''),(213,4,14,'Bibitec Bibs',0,'Children / Education','Mixed Team',0,0,''),(214,4,14,'Cuddle Story Telling Bear',0,'Children / Education','Male',0,0,''),(215,4,14,'Invisible Xero Shoes',0,'Fitness / Sports','Mixed Team',0,0,''),(216,4,15,'Hoodie Pillow',1,'Lifestyle / Home','Mixed Team',20,450000,''),(217,4,15,'Get Grinds',1,'Food and Beverage','Male',15,500000,''),(218,4,15,'Green Garmento',0,'Fashion / Beauty','Female',0,0,''),(219,4,15,'My Cold Snap',0,'Food and Beverage','Male',0,0,''),(220,4,16,'The Smart Wheel',1,'Consumer Products','Mixed Team',30,333333,''),(221,4,16,'HDYR Sushi Bars',1,'Food and Beverage','Male',20,5000000,''),(222,4,16,'Gotta Have S\'More',0,'Food and Beverage','Female',0,0,''),(223,4,16,'Pretty Padded Room',0,'Healthcare','Female',0,0,''),(224,4,17,'Addison\'s Wonderland',0,'Children / Education','Female',0,0,''),(225,4,17,'Hip Chicks',0,'Fashion / Beauty','Female',0,0,''),(226,4,17,'Proof Eye Wear',0,'Fashion / Beauty','Male',0,0,''),(227,4,17,'Muddy Water Camo',0,'Fitness / Sports','Male',0,0,''),(228,4,18,'Jeska Shoe Company',1,'Fashion / Beauty','Female',70,100000,''),(229,4,18,'Nuts n More',1,'Food and Beverage','Male',30,833333,''),(230,4,18,'Neo Innovations',0,'Healthcare','Male',0,0,''),(231,4,18,'PSI Bands',0,'Healthcare','Female',0,0,''),(232,4,19,'CordaRoy\'s Bean Bag Beds',1,'Lifestyle / Home','Male',58,344828,''),(233,4,19,'Lose 12',1,'Fitness / Sports','Male',25,500000,''),(234,4,19,'Baby Loves Disco',0,'Children / Education','Mixed Team',0,0,''),(235,4,19,'Cell Helmet',0,'Software / Tech','Male',0,0,''),(236,4,20,'CoolWraps',1,'Lifestyle / Home','Male',100,250000,'plus inventor gets 3% royalty from all future profits'),(237,4,20,'Simple Sugar Scrubs',1,'Fashion / Beauty','Female',33,303030,''),(238,4,20,'Drop Stop',1,'Consumer Products','Male',20,1500000,''),(239,4,20,'Traditional Fisheries',0,'Food and Beverage','Male',0,0,''),(240,4,21,'GOBIE H20',1,'Consumer Products','Male',40,750000,''),(241,4,21,'LiddUp Coolers',1,'Food and Beverage','Male',33,303030,''),(242,4,21,'Rootsuit',0,'Fashion / Beauty','Male',0,0,''),(243,4,21,'Echo Valley Meats',0,'Food and Beverage','Male',0,0,''),(244,4,22,'Wicked Good Cup Cakes',1,'Food and Beverage','Female',0,0,'\"Zero equity'),(245,4,22,'The Mission Belt',1,'Fashion / Beauty','Male',37.5,133333,''),(246,4,22,'Shell Bobbers',1,'Fitness / Sports','Male',33,242424,''),(247,4,22,'Tremont Electric',0,'Green/CleanTech','Male',0,0,''),(248,4,23,'Me-Ma\'s Gumbo Bricks',1,'Food and Beverage','Female',50,400000,''),(249,4,23,'Misto Box Coffee Club',1,'Food and Beverage','Mixed Team',30,250000,''),(250,4,23,'Vermont Butcher Block',0,'Lifestyle / Home','Male',0,0,''),(251,4,23,'Squirrel Boss Bird Feeder',0,'Pet Products','Male',0,0,''),(252,4,24,'Pink Shutter Photo Booths',1,'Consumer Products','Male',33,909091,'plus equal salary distribution of all the profits'),(253,4,24,'KazAM Balancing Bike\'s',1,'Fitness / Sports','Female',32,937500,''),(254,4,24,'Baby\'s Badass Burgers',0,'Food and Beverage','Female',0,0,''),(255,4,24,'Track Days',0,'Uncertain / Other','Male',0,0,''),(256,4,25,'Stella Valle Jewelry',1,'Fashion / Beauty','Female',35,428571,''),(257,4,25,'Geek Chic',1,'Fashion / Beauty','Male',25,1200000,''),(258,4,25,'LugLess',0,'Consumer Products','Male',0,0,''),(259,4,25,'Jones Scones',0,'Food and Beverage','Male',0,0,''),(260,4,26,'Ryan\'s Barkery',1,'Pet Products','Male',25,100000,''),(261,4,26,'Verbalize It App',1,'Business Services','Male',20,1250000,''),(262,4,26,'Tom n Chee',1,'Food and Beverage','Male',15,4000000,''),(263,4,26,'Three Day Rule',0,'Software / Tech','Female',0,0,''),(264,5,1,'Sweet Ballz',1,'Food and Beverage','Male',25,1000000,''),(265,5,1,'Postcard on the Run',1,'Software / Tech','Male',8,4000000,''),(266,5,1,'Lynnaes Gourmet Pickles',0,'Food and Beverage','Female',0,0,''),(267,5,1,'RoloDoc',0,'Healthcare','Male',0,0,''),(268,5,2,'Kane & Couture Dog Clothes',1,'Pet Products','Female',40,375000,''),(269,5,2,'Breathometer',1,'Healthcare','Male',30,3333333,''),(270,5,2,'Mango Mango Preserve',0,'Food and Beverage','Female',0,0,''),(271,5,2,'Man Medals',0,'Uncertain / Other','Male',0,0,''),(272,5,3,'Freeloader Child Carrier',1,'Children / Education','Male',33,606061,''),(273,5,3,'Rapid Ramen Cooker',1,'Food and Beverage','Male',15,2000000,'\"$150K is investment'),(274,5,3,'Fairy Tale Wishes',0,'Children / Education','Female',0,0,''),(275,5,3,'Kook n Kap',0,'Food and Beverage','Female',0,0,''),(276,5,4,'Screen Mend',1,'Lifestyle / Home','Mixed Team',50,60000,''),(277,5,4,'Hamboards Skateboard/Surfboard',1,'Fitness / Sports','Male',30,1000000,''),(278,5,4,'R Dubs Sunday Night Slow Jams',0,'Lifestyle / Home','Male',0,0,''),(279,5,4,'Scan. Me App',0,'Software / Tech','Male',0,0,''),(280,5,5,'Garden Pops',1,'Food and Beverage','Mixed Team',30,250000,''),(281,5,5,'Ruffle Butts - Rugged Butts',1,'Fashion / Beauty','Mixed Team',9,3333333,''),(282,5,5,'Bare Ease Bikini Waxing',0,'Lifestyle / Home','Female',0,0,''),(283,5,5,'Rent A Goat',0,'Uncertain / Other','Male',0,0,''),(284,5,6,'Total Merchant Resources',1,'Business Services','Mixed Team',50,400000,''),(285,5,6,'Ten Thirty One Haunted Hayrides',1,'Media / Entertainment','Female',20,10000000,''),(286,5,6,'Fiber Fix Tape',1,'Lifestyle / Home','Male',12,2083333,''),(287,5,6,'Elephant Chat',0,'Consumer Products','Mixed Team',0,0,''),(288,5,7,'180 Party Cup',1,'Lifestyle / Home','Male',25,1200000,''),(289,5,7,'Tree T Pee',1,'Green/CleanTech','Male',20,750000,''),(290,5,7,'Better Life Cleaning Products',1,'Green/CleanTech','Male',17,2352941,'$400K is loan; equity drops to 7% once loan paid back'),(291,5,7,'Kymera Electric Surfboards',0,'Fitness / Sports','Male',0,0,''),(292,5,8,'Paparazzi Proposals',1,'Lifestyle / Home','Male',33,757576,'$200K as loan'),(293,5,8,'Schulzies Bread Pudding',0,'Food and Beverage','Female',0,0,''),(294,5,8,'BellyBuds',0,'Healthcare','Male',0,0,''),(295,5,8,'PetPaint',0,'Pet Products','Male',0,0,''),(296,5,9,'Surprise Ride',0,'Children / Education','Female',0,0,''),(297,5,9,'Slawsa',0,'Food and Beverage','Female',0,0,''),(298,5,9,'DoorBot',0,'Lifestyle / Home','Male',0,0,''),(299,5,9,'Magic Moments',0,'Software / Tech','Male',0,0,''),(300,5,10,'Grace & Lace Knitted Boot Socks',1,'Fashion / Beauty','Mixed Team',10,1750000,'half of investment is credit line'),(301,5,10,'Yubo Customized Lunch Boxes',1,'Children / Education','Mixed Team',20,750000,'\"if they pay it back in 18 months'),(302,5,10,'PurseCase',1,'Fashion / Beauty','Female',15,366667,''),(303,5,10,'Chocomize Chocolate Bars',0,'Food and Beverage','Male',0,0,''),(304,5,11,'De-Boned Baby Back Rib Steak',1,'Food and Beverage','Mixed Team',30,1000000,''),(305,5,11,'SpiritHoods',0,'Fashion / Beauty','Mixed Team',0,0,''),(306,5,11,'FoHawx',0,'Fitness / Sports','Female',0,0,''),(307,5,11,'Virtuix Omni',0,'Software / Tech','Male',0,0,''),(308,5,12,'Tipsy Elves',1,'Fashion / Beauty','Male',10,1000000,''),(309,5,12,'One Life Products',1,'Lifestyle / Home','Male',35,142857,''),(310,5,12,'Cashmere Hair',0,'Fashion / Beauty','Female',0,0,''),(311,5,12,'Lite-Netics',0,'Lifestyle / Home','Male',0,0,''),(312,5,13,'GrooveBook',1,'Software / Tech','Mixed Team',0,0,'Sold to Shutterfly for $14.5M; deal was for 80% of the licensing rights'),(313,5,13,'The Wall DoctoRX',1,'Lifestyle / Home','Male',0,0,'exclusive rights to sell internationally'),(314,5,13,'Bounce Boot Camp',0,'Children / Education','Male',0,0,''),(315,5,13,'EyeBloc',0,'Software / Tech','Male',0,0,''),(316,5,14,'LockerBones',1,'Children / Education','Male',50,350000,''),(317,5,14,'InvisiPlug',1,'Software / Tech','Male',10,1250000,'\"$1 per unit until she makes it back'),(318,5,14,'Balloon Distractions',0,'Children / Education','Male',0,0,''),(319,5,14,'Alaska Glacial Mud Co.',0,'Fashion / Beauty','Female',0,0,''),(320,5,15,'SwimZip',1,'Children / Education','Mixed Team',20,300000,''),(321,5,15,'Freshly Picked',1,'Children / Education','Female',25,600000,''),(322,5,15,'FitDeck',0,'Fitness / Sports','Male',0,0,''),(323,5,15,'LifeCaps',0,'Healthcare','Male',0,0,''),(324,5,16,'The Cookie Dough Cafe',1,'Food and Beverage','Female',30,333333,''),(325,5,16,'Cycloramic',1,'Software / Tech','Male',15,3333333,''),(326,5,16,'Nexersys',0,'Fitness / Sports','Male',0,0,''),(327,5,16,'Cow Wow Cereal Milk',0,'Food and Beverage','Male',0,0,''),(328,5,17,'Spy Escape and Evasion',1,'Children / Education','Male',45,333333,''),(329,5,17,'Southern Culture Artisan Foods',1,'Food and Beverage','Female',38,263158,''),(330,5,17,'DDP Yoga',0,'Fitness / Sports','Male',0,0,''),(331,5,17,'Moberi',0,'Food and Beverage','Male',0,0,''),(332,5,18,'Bambooee',1,'Lifestyle / Home','Mixed Team',10,2000000,''),(333,5,18,'Buzzy4Shots',0,'Healthcare','Female',0,0,''),(334,5,18,'ZipIt',0,'Lifestyle / Home','Female',0,0,''),(335,5,18,'Cheek\'d',0,'Software / Tech','Female',0,0,''),(336,5,19,'U-Lace',1,'Fashion / Beauty','Male',35,571429,''),(337,5,19,'RevoLights',1,'Fitness / Sports','Male',10,3000000,''),(338,5,19,'Squeeky Knees',0,'Children / Education','Mixed Team',0,0,''),(339,5,19,'The Buffer Bit',0,'Fashion / Beauty','Male',0,0,''),(340,5,20,'Henry\'s Humdingers',1,'Food and Beverage','Male',75,400000,''),(341,5,20,'Boo Boo Goo',1,'Healthcare','Mixed Team',25,400000,''),(342,5,20,'Iretron',1,'Software / Tech','Male',20,500000,''),(343,5,20,'Define Bottle',0,'Food and Beverage','Male',0,0,''),(344,5,21,'Packback Books',0,'Children / Education','Mixed Team',0,0,''),(345,5,21,'Chapul',1,'Food and Beverage','Male',15,333333,''),(346,5,21,'Garage Door Lock',1,'Lifestyle / Home','Male',35,785714,''),(347,5,21,'MorningHead',0,'Lifestyle / Home','Male',0,0,''),(348,5,22,'Plated',1,'Food and Beverage','Male',6,8992806,''),(349,5,22,'Monkey Mat',1,'Lifestyle / Home','Mixed Team',35,285714,''),(350,5,22,'The Paint Brush Cover',1,'Lifestyle / Home','Male',20,500000,''),(351,5,22,'Kodiak Cakes',0,'Food and Beverage','Mixed Team',0,0,''),(352,5,23,'Velocity Signs',1,'Business Services','Male',30,750000,''),(353,5,23,'Happy Feet',1,'Fashion / Beauty','Male',25,1500000,''),(354,5,23,'Hold Your Haunches',1,'Fashion / Beauty','Female',40,250000,''),(355,5,23,'Lord Nut Levington',0,'Food and Beverage','Male',0,0,''),(356,5,24,'Fun Time Express',1,'Children / Education','Male',20,625000,''),(357,5,24,'PowerPot',1,'Food and Beverage','Male',12,2083333,''),(358,5,24,'Quickstop Fire Sprinkler Tools',0,'Lifestyle / Home','Male',0,0,''),(359,5,24,'Taylor Robinson Music',0,'Software / Tech','Male',0,0,''),(360,5,25,'ZooBean',1,'Children / Education','Mixed Team',30,833333,''),(361,5,25,'iLumi',0,'Lifestyle / Home','Male',0,0,''),(362,5,25,'Fort Magic',0,'Children / Education','Female',0,0,''),(363,5,25,'Intelli-Stopper Technology',0,'Food and Beverage','Male',0,0,''),(364,5,26,'Rugged Maniac',1,'Fitness / Sports','Male',25,7000000,''),(365,5,26,'Cerebral Success',1,'Healthcare','Male',40,187500,''),(366,5,26,'Mo\'s Bows',0,'Fashion / Beauty','Male',0,0,''),(367,5,26,'Crio',0,'Food and Beverage','Male',0,0,''),(368,5,27,'Angellift',1,'Fashion / Beauty','Male',15,3333333,''),(369,5,27,'HangEase',0,'Lifestyle / Home','Male',0,0,''),(370,5,27,'The Bouqs Company',0,'Lifestyle / Home','Male',0,0,''),(371,5,27,'Susty Party',0,'Lifestyle / Home','Female',0,0,''),(372,5,28,'Oru Kayak',1,'Fitness / Sports','Male',25,2000000,''),(373,5,28,'Bon Affair',1,'Food and Beverage','Female',35,428571,''),(374,5,28,'Cinnaholic',0,'Food and Beverage','Mixed Team',0,0,''),(375,5,28,'Hargitt Marine Services',0,'Uncertain / Other','Male',0,0,''),(376,5,29,'Foot Fairy',1,'Software / Tech','Female',40,250000,''),(377,5,29,'BZbox',1,'Lifestyle / Home','Female',40,125000,''),(378,5,29,'Tie-Not',0,'Children / Education','Male',0,0,''),(379,5,29,'Baker\'s Edge',0,'Food and Beverage','Mixed Team',0,0,''),(380,6,1,'Sleeping Baby',1,'Children / Education','Mixed Team',20,1000000,''),(381,6,1,'Bombas',1,'Fashion / Beauty','Male',18,1142857,''),(382,6,1,'Hammer & Nails',0,'Fashion / Beauty','Male',0,0,''),(383,6,1,'Amber',0,'Software / Tech','Male',0,0,''),(384,6,2,'Kronos',1,'Fitness / Sports','Male',30,500000,''),(385,6,2,'Roominate',1,'Children / Education','Female',5,10000000,''),(386,6,2,'The Floating Mug Co.',0,'Lifestyle / Home','Male',0,0,''),(387,6,2,'Wedding Wagon',0,'Lifestyle / Home','Male',0,0,''),(388,6,3,'Heart Pup',1,'Pet Products','Female',40,125000,''),(389,6,3,'SoapSox',0,'Children / Education','Male',0,0,''),(390,6,3,'Ninja Cards',0,'Children / Education','Male',0,0,''),(391,6,3,'DrumPants',0,'Fashion / Beauty','Mixed Team',0,0,''),(392,6,4,'Paper Box Pilots',1,'Children / Education','Male',50,70000,''),(393,6,4,'Reviver',1,'Lifestyle / Home','Male',15,1000000,''),(394,6,4,'FunCakes Rental',0,'Food and Beverage','Female',0,0,''),(395,6,4,'Table Jacks',0,'Lifestyle / Home','Male',0,0,''),(396,6,5,'The Red Dress Boutique',1,'Fashion / Beauty','Mixed Team',20,6000000,''),(397,6,5,'SunStaches',1,'Fashion / Beauty','Male',20,1500000,''),(398,6,5,'Jungle JumpaRoo',0,'Children / Education','Mixed Team',0,0,''),(399,6,5,'The Caddy Girls',0,'Fitness / Sports','Female',0,0,''),(400,6,6,'Honeyfund',1,'Software / Tech','Mixed Team',0,0,'three times return from the transaction revenue'),(401,6,6,'BeatBox Beverages',1,'Food and Beverage','Mixed Team',33,3030303,''),(402,6,6,'Oilerie USA',0,'Food and Beverage','Male',0,0,''),(403,6,6,'EmergenSee',0,'Software / Tech','Male',0,0,''),(404,6,7,'Myself Belts',1,'Children / Education','Female',25,300000,''),(405,6,7,'Titin',1,'Fitness / Sports','Male',20,2500000,''),(406,6,7,'SingTrix',0,'Children / Education','Male',0,0,''),(407,6,7,'Beardbrand',0,'Fashion / Beauty','Male',0,0,''),(408,6,8,'The Natural Grip',1,'Fitness / Sports','Female',25,500000,''),(409,6,8,'Bottle Breacher',1,'Food and Beverage','Male',20,750000,''),(410,6,8,'Man-Pack',0,'Fashion / Beauty','Male',0,0,''),(411,6,8,'Priority One Canine',0,'Pet Products','Mixed Team',0,0,''),(412,6,9,'Heidi Ho',1,'Food and Beverage','Female',30,416667,''),(413,6,9,'Squatty Potty',1,'Lifestyle / Home','Mixed Team',10,3500000,''),(414,6,9,'Pipsnacks',1,'Food and Beverage','Mixed Team',10,2000000,'plus a 10% draw whenever founders take cash out until she recoups her investment'),(415,6,9,'Storm Stoppers',0,'Lifestyle / Home','Male',0,0,''),(416,6,10,'MagicCook',1,'Food and Beverage','Female',33,303030,''),(417,6,10,'Earth Log',1,'Lifestyle / Home','Male',30,533333,''),(418,6,10,'Kitchen Safe',1,'Food and Beverage','Male',20,500000,''),(419,6,10,'Off the Cob',0,'Food and Beverage','Male',0,0,''),(420,6,11,'Biaggi',1,'Lifestyle / Home','Male',33,1515152,''),(421,6,11,'Gameday Couture',1,'Fashion / Beauty','Mixed Team',30,1666667,''),(422,6,11,'Zipz',1,'Food and Beverage','Male',10,25000000,'with an option for another $2.5 Million for an additional 10%'),(423,6,11,'Soaps Washes and Grooming Essentials (aka S.W.A.G. Essentials)',0,'Fashion / Beauty','Female',0,0,''),(424,6,12,'Hoppy Paws',1,'Lifestyle / Home','Female',49,204082,''),(425,6,12,'Q-Flex',1,'Healthcare','Female',25,100000,''),(426,6,12,'The Mensch on a Bench',1,'Lifestyle / Home','Male',15,1000000,''),(427,6,12,'Eve Drop',0,'Lifestyle / Home','Male',0,0,''),(428,6,13,'Bantam Bagels',1,'Food and Beverage','Mixed Team',25,1100000,''),(429,6,13,'Doorman',1,'Lifestyle / Home','Male',12,2083333,''),(430,6,13,'SkinnyShirt',0,'Fashion / Beauty','Female',0,0,''),(431,6,13,'Coffee Meets Bagel',0,'Software / Tech','Female',0,0,''),(432,6,14,'Evrewares',1,'Fashion / Beauty','Female',100,200000,''),(433,6,14,'Bottle Bright',1,'Lifestyle / Home','Male',33,227273,''),(434,6,14,'Scratch & Grain Baking Co',1,'Food and Beverage','Female',20,750000,'Done as a line of credit'),(435,6,14,'Vestpakz',0,'Children / Education','Male',0,0,''),(436,6,15,'TurboPUP',1,'Pet Products','Mixed Team',35,285714,''),(437,6,15,'Lumio',1,'Lifestyle / Home','Male',10,3500000,''),(438,6,15,'Bello Verde',0,'Fashion / Beauty','Male',0,0,''),(439,6,15,'Napwell',0,'Lifestyle / Home','Male',0,0,''),(440,6,16,'GreenBox',1,'Food and Beverage','Mixed Team',10,3000000,''),(441,6,16,'Phonesoap',1,'Software / Tech','Male',10,3000000,''),(442,6,16,'Victoria\'s Kitchen',0,'Food and Beverage','Mixed Team',0,0,''),(443,6,16,'Tycoon Real Estate',0,'Software / Tech','Mixed Team',0,0,''),(444,6,17,'Fresh Patch',1,'Pet Products','Mixed Team',20,750000,''),(445,6,17,'Drain Strain',1,'Lifestyle / Home','Male',10,1100000,''),(446,6,17,'Balm Chicky Balm Balm',0,'Fashion / Beauty','Female',0,0,''),(447,6,17,'BedJet',0,'Lifestyle / Home','Male',0,0,''),(448,6,18,'BeverageBoy',1,'Food and Beverage','Male',35,142857,''),(449,6,18,'FunBites',1,'Children / Education','Female',25,300000,''),(450,6,18,'The Lip Bar',0,'Fashion / Beauty','Female',0,0,''),(451,6,18,'Himalayan Dog Chew',0,'Pet Products','Male',0,0,''),(452,6,19,'Boobypack',1,'Fashion / Beauty','Female',25,320000,''),(453,6,19,'Gold Rush Nugget Bucket',1,'Children / Education','Male',25,240000,''),(454,6,19,'Sseko Designs',0,'Fashion / Beauty','Mixed Team',0,0,''),(455,6,19,'Lumi',0,'Fashion / Beauty','Female',0,0,''),(456,6,20,'LuminAid',1,'Consumer Products','Female',15,2000000,''),(457,6,20,'Scholly',1,'Children / Education','Male',15,266667,''),(458,6,20,'Keen Home',1,'Lifestyle / Home','Male',13,5769231,''),(459,6,20,'Taaluma',0,'Fashion / Beauty','Mixed Team',0,0,''),(460,6,21,'Coco Jack',1,'Food and Beverage','Male',25,500000,'125k in convertible debt for 25% of the company with 7% interest'),(461,6,21,'BedRyder',0,'Consumer Products','Male',0,0,''),(462,6,21,'Frill',1,'Fashion / Beauty','Female',20,500000,''),(463,6,21,'Twin Z Pillow',1,'Children / Education','Mixed Team',20,375000,''),(464,6,22,'Echo Valley Meats',1,'Food and Beverage','Male',25,600000,''),(465,6,22,'Emazing Lights',1,'Media / Entertainment','Male',5,13000000,'plus 20% commission on any license deals they bring'),(466,6,22,'acqua vault',1,'Lifestyle / Home','Male',25,300000,''),(467,6,22,'Naja',0,'Fashion / Beauty','Female',0,0,''),(468,6,23,'Bee Sweet Lemonade',1,'Food and Beverage','Mixed Team',25,240000,''),(469,6,23,'Brand Yourself',0,'Software / Tech','Male',0,0,''),(470,6,23,'iC Pooch',0,'Pet Products','Mixed Team',0,0,''),(471,6,23,'The Home T',0,'Fashion / Beauty','Male',0,0,''),(472,6,24,'Budsies',0,'Children / Education','Male',0,0,''),(473,6,24,'bee thinking',0,'Lifestyle / Home','Male',0,0,''),(474,6,24,'PullyPalz',1,'Children / Education','Female',28,357143,''),(475,6,24,'Forus',0,'Fitness / Sports','Male',0,0,''),(476,6,25,'NeatCheeks',1,'Children / Education','Female',25,600000,''),(477,6,25,'Melni',1,'Uncertain / Other','Male',12,4166667,''),(478,6,25,'Beneath the Ink',0,'Software / Tech','Mixed Team',0,0,''),(479,6,25,'PittMoss',1,'Green/CleanTech','Male',35,1714286,''),(480,6,26,'ZinePak',1,'Media / Entertainment','Female',18,4142857,''),(481,6,26,'snagastool',0,'Software / Tech','Male',0,0,''),(482,6,26,'Buck Mason',0,'Fashion / Beauty','Male',0,0,'Declined Robert\'s offer'),(483,6,26,'Noene',1,'Fashion / Beauty','Male',30,666667,''),(484,6,27,'AirCar',1,'Green/CleanTech','Male',50,10000000,'Contingent on getting deal to bring to continental US'),(485,6,27,'Paleo Diet Foods',0,'Food and Beverage','Female',0,0,''),(486,6,27,'World Record Striper Company',1,'Fitness / Sports','Male',33,151515,''),(487,6,27,'Frameri',0,'Fashion / Beauty','Male',0,0,''),(488,6,28,'Zoom',1,'Lifestyle / Home','Female',33,303030,''),(489,6,28,'Sunscreen Mist',0,'Lifestyle / Home','Male',0,0,''),(490,6,28,'SynDaver Labs',1,'Healthcare','Male',25,12000000,''),(491,6,28,'You Kick Ass',1,'Children / Education','Female',10,1000000,''),(492,6,29,'Shark Wheel',1,'Fitness / Sports','Male',8,3000000,'10% royalty until $500K; then converts to 5% equity'),(493,6,29,'Gato Cafe',0,'Uncertain / Other','Female',0,0,''),(494,6,29,'Sway Motorsports',1,'Green/CleanTech','Male',20,1500000,''),(495,6,29,'Spikeball',1,'Fitness / Sports','Male',20,2500000,'');
/*!40000 ALTER TABLE `company` ENABLE KEYS */;
UNLOCK TABLES;

--
-- Table structure for table `company_investor`
--

DROP TABLE IF EXISTS `company_investor`;
/*!40101 SET @saved_cs_client     = @@character_set_client */;
/*!40101 SET character_set_client = utf8 */;
CREATE TABLE `company_investor` (
  `id` int(11) NOT NULL AUTO_INCREMENT,
  `company_id` int(11) NOT NULL,
  `investor_id` int(11) NOT NULL,
  `investment` double DEFAULT NULL,
  `created_on` timestamp NULL DEFAULT NULL,
  `updated_on` timestamp NULL DEFAULT NULL,
  PRIMARY KEY (`id`),
  KEY `fk_company_investor_1_idx` (`company_id`),
  KEY `fk_company_investor_2_idx` (`investor_id`),
  CONSTRAINT `fk_company_investor_1` FOREIGN KEY (`company_id`) REFERENCES `company` (`id`) ON DELETE NO ACTION ON UPDATE NO ACTION,
  CONSTRAINT `fk_company_investor_2` FOREIGN KEY (`investor_id`) REFERENCES `investor` (`id`) ON DELETE NO ACTION ON UPDATE NO ACTION
) ENGINE=InnoDB AUTO_INCREMENT=332 DEFAULT CHARSET=latin1;
/*!40101 SET character_set_client = @saved_cs_client */;

--
-- Dumping data for table `company_investor`
--

LOCK TABLES `company_investor` WRITE;
/*!40000 ALTER TABLE `company_investor` DISABLE KEYS */;
INSERT INTO `company_investor` VALUES (1,1,1,50000,NULL,NULL),(2,2,1,230000,NULL,NULL),(3,2,5,230000,NULL,NULL),(4,6,4,250000,NULL,NULL),(5,6,6,250000,NULL,NULL),(6,7,1,50000,NULL,NULL),(7,7,2,50000,NULL,NULL),(8,7,4,50000,NULL,NULL),(9,7,5,50000,NULL,NULL),(10,7,6,50000,NULL,NULL),(11,11,7,35000,NULL,NULL),(12,12,1,250000,NULL,NULL),(13,16,4,100000,NULL,NULL),(14,16,6,100000,NULL,NULL),(15,17,1,35000,NULL,NULL),(16,21,4,40000,NULL,NULL),(17,21,6,40000,NULL,NULL),(18,22,1,90000,NULL,NULL),(19,22,7,90000,NULL,NULL),(20,26,1,50000,NULL,NULL),(21,27,7,150000,NULL,NULL),(22,31,4,100000,NULL,NULL),(23,31,5,100000,NULL,NULL),(24,31,6,100000,NULL,NULL),(25,32,4,50000,NULL,NULL),(26,35,1,50000,NULL,NULL),(27,35,5,50000,NULL,NULL),(28,36,1,90000,NULL,NULL),(29,39,1,125000,NULL,NULL),(30,39,5,125000,NULL,NULL),(31,40,1,50000,NULL,NULL),(32,44,4,300000,NULL,NULL),(33,44,6,300000,NULL,NULL),(34,47,5,500000,NULL,NULL),(35,48,1,50000,NULL,NULL),(36,52,1,20000,NULL,NULL),(37,52,4,20000,NULL,NULL),(38,56,7,200000,NULL,NULL),(39,57,1,35000,NULL,NULL),(40,57,5,35000,NULL,NULL),(41,57,7,35000,NULL,NULL),(42,60,5,100000,NULL,NULL),(43,60,7,100000,NULL,NULL),(44,61,5,90000,NULL,NULL),(45,65,1,50000,NULL,NULL),(46,65,5,50000,NULL,NULL),(47,66,1,50000,NULL,NULL),(48,66,2,50000,NULL,NULL),(49,69,2,100000,NULL,NULL),(50,69,6,100000,NULL,NULL),(51,70,2,250000,NULL,NULL),(52,70,4,250000,NULL,NULL),(53,70,5,250000,NULL,NULL),(54,74,5,100000,NULL,NULL),(55,77,1,50000,NULL,NULL),(56,78,4,37500,NULL,NULL),(57,78,5,37500,NULL,NULL),(58,79,1,50000,NULL,NULL),(59,81,4,5000,NULL,NULL),(60,81,5,5000,NULL,NULL),(61,82,1,50000,NULL,NULL),(62,82,6,50000,NULL,NULL),(63,85,5,75000,NULL,NULL),(64,86,1,50000,NULL,NULL),(65,93,2,1250000,NULL,NULL),(66,94,4,150000,NULL,NULL),(67,97,1,90000,NULL,NULL),(68,97,7,90000,NULL,NULL),(69,98,5,500000,NULL,NULL),(70,99,7,100000,NULL,NULL),(71,101,2,75000,NULL,NULL),(72,101,5,75000,NULL,NULL),(73,102,2,60000,NULL,NULL),(74,105,2,25000,NULL,NULL),(75,109,4,50000,NULL,NULL),(76,110,4,175000,NULL,NULL),(77,113,2,400000,NULL,NULL),(78,114,3,75000,NULL,NULL),(79,117,5,40000,NULL,NULL),(80,118,6,250000,NULL,NULL),(81,119,2,100000,NULL,NULL),(82,119,3,100000,NULL,NULL),(83,119,4,100000,NULL,NULL),(84,121,3,150000,NULL,NULL),(85,122,2,100000,NULL,NULL),(86,125,2,200000,NULL,NULL),(87,126,1,75000,NULL,NULL),(88,129,2,40000,NULL,NULL),(89,129,5,40000,NULL,NULL),(90,133,2,150000,NULL,NULL),(91,134,2,300000,NULL,NULL),(92,137,5,300000,NULL,NULL),(93,145,2,50000,NULL,NULL),(94,145,4,50000,NULL,NULL),(95,146,3,50000,NULL,NULL),(96,149,1,250000,NULL,NULL),(97,149,2,250000,NULL,NULL),(98,150,1,250000,NULL,NULL),(99,150,2,250000,NULL,NULL),(100,153,2,50000,NULL,NULL),(101,153,5,50000,NULL,NULL),(102,154,1,50000,NULL,NULL),(103,155,1,50000,NULL,NULL),(104,157,5,50000,NULL,NULL),(105,158,2,250000,NULL,NULL),(106,158,6,250000,NULL,NULL),(107,161,1,50000,NULL,NULL),(108,162,1,50000,NULL,NULL),(109,162,2,50000,NULL,NULL),(110,162,4,50000,NULL,NULL),(111,162,5,50000,NULL,NULL),(112,162,6,50000,NULL,NULL),(113,165,2,300000,NULL,NULL),(114,166,5,37500,NULL,NULL),(115,166,6,37500,NULL,NULL),(116,169,2,50000,NULL,NULL),(117,169,5,50000,NULL,NULL),(118,170,2,100000,NULL,NULL),(119,173,3,40000,NULL,NULL),(120,174,3,75000,NULL,NULL),(121,174,4,75000,NULL,NULL),(122,177,5,50000,NULL,NULL),(123,178,3,200000,NULL,NULL),(124,181,5,250000,NULL,NULL),(125,182,1,55000,NULL,NULL),(126,185,4,150000,NULL,NULL),(127,185,6,150000,NULL,NULL),(128,186,3,200000,NULL,NULL),(129,189,3,65000,NULL,NULL),(130,190,3,90000,NULL,NULL),(131,192,6,150000,NULL,NULL),(132,193,1,62500,NULL,NULL),(133,193,2,62500,NULL,NULL),(134,196,4,75000,NULL,NULL),(135,196,6,75000,NULL,NULL),(136,200,2,150000,NULL,NULL),(137,201,1,150000,NULL,NULL),(138,204,2,75000,NULL,NULL),(139,205,2,225000,NULL,NULL),(140,205,3,225000,NULL,NULL),(141,208,3,37500,NULL,NULL),(142,208,4,37500,NULL,NULL),(143,208,5,37500,NULL,NULL),(144,208,6,37500,NULL,NULL),(145,209,2,100000,NULL,NULL),(146,210,3,300000,NULL,NULL),(147,212,5,54000,NULL,NULL),(148,216,4,90000,NULL,NULL),(149,217,4,37500,NULL,NULL),(150,217,5,37500,NULL,NULL),(151,220,2,50000,NULL,NULL),(152,220,4,50000,NULL,NULL),(153,221,6,1000000,NULL,NULL),(154,228,5,70000,NULL,NULL),(155,229,2,125000,NULL,NULL),(156,229,4,125000,NULL,NULL),(157,232,3,200000,NULL,NULL),(158,233,5,125000,NULL,NULL),(159,236,2,250000,NULL,NULL),(160,237,2,100000,NULL,NULL),(161,238,3,300000,NULL,NULL),(162,240,5,300000,NULL,NULL),(163,241,6,100000,NULL,NULL),(164,244,6,75000,NULL,NULL),(165,245,5,50000,NULL,NULL),(166,246,2,80000,NULL,NULL),(167,248,3,100000,NULL,NULL),(168,248,6,100000,NULL,NULL),(169,249,2,75000,NULL,NULL),(170,252,1,300000,NULL,NULL),(171,253,1,150000,NULL,NULL),(172,253,2,150000,NULL,NULL),(173,256,2,75000,NULL,NULL),(174,256,3,75000,NULL,NULL),(175,257,4,300000,NULL,NULL),(176,260,1,25000,NULL,NULL),(177,261,6,250000,NULL,NULL),(178,262,1,300000,NULL,NULL),(179,262,2,300000,NULL,NULL),(180,264,1,125000,NULL,NULL),(181,264,2,125000,NULL,NULL),(182,265,4,300000,NULL,NULL),(183,268,3,75000,NULL,NULL),(184,268,5,75000,NULL,NULL),(185,269,2,200000,NULL,NULL),(186,269,3,200000,NULL,NULL),(187,269,4,200000,NULL,NULL),(188,269,5,200000,NULL,NULL),(189,269,6,200000,NULL,NULL),(190,272,4,200000,NULL,NULL),(191,273,2,300000,NULL,NULL),(192,276,3,30000,NULL,NULL),(193,277,4,300000,NULL,NULL),(194,280,1,37500,NULL,NULL),(195,280,2,37500,NULL,NULL),(196,281,3,300000,NULL,NULL),(197,284,6,200000,NULL,NULL),(198,285,2,2000000,NULL,NULL),(199,286,3,250000,NULL,NULL),(200,288,5,300000,NULL,NULL),(201,290,3,400000,NULL,NULL),(202,292,3,125000,NULL,NULL),(203,292,6,125000,NULL,NULL),(204,300,1,175000,NULL,NULL),(205,301,4,75000,NULL,NULL),(206,301,6,75000,NULL,NULL),(207,302,5,55000,NULL,NULL),(208,304,5,300000,NULL,NULL),(209,308,4,100000,NULL,NULL),(210,309,5,50000,NULL,NULL),(211,312,2,75000,NULL,NULL),(212,312,6,75000,NULL,NULL),(213,313,4,150000,NULL,NULL),(214,316,3,87500,NULL,NULL),(215,316,4,87500,NULL,NULL),(216,317,3,125000,NULL,NULL),(217,320,3,60000,NULL,NULL),(218,321,5,150000,NULL,NULL),(219,324,3,50000,NULL,NULL),(220,325,2,250000,NULL,NULL),(221,325,3,250000,NULL,NULL),(222,328,5,150000,NULL,NULL),(223,329,1,100000,NULL,NULL),(224,332,3,200000,NULL,NULL),(225,336,2,200000,NULL,NULL),(226,337,4,300000,NULL,NULL),(227,340,2,150000,NULL,NULL),(228,340,4,150000,NULL,NULL),(229,341,6,100000,NULL,NULL),(230,342,1,50000,NULL,NULL),(231,342,2,50000,NULL,NULL),(232,345,2,50000,NULL,NULL),(233,346,5,275000,NULL,NULL),(234,348,2,500000,NULL,NULL),(235,349,2,50000,NULL,NULL),(236,349,3,50000,NULL,NULL),(237,350,3,100000,NULL,NULL),(238,352,2,75000,NULL,NULL),(239,352,4,75000,NULL,NULL),(240,352,6,75000,NULL,NULL),(241,354,1,50000,NULL,NULL),(242,354,3,50000,NULL,NULL),(243,356,3,62500,NULL,NULL),(244,356,6,62500,NULL,NULL),(245,357,2,250000,NULL,NULL),(246,360,2,250000,NULL,NULL),(247,364,2,1750000,NULL,NULL),(248,365,1,75000,NULL,NULL),(249,368,3,500000,NULL,NULL),(250,372,4,500000,NULL,NULL),(251,373,2,150000,NULL,NULL),(252,376,2,100000,NULL,NULL),(253,377,3,50000,NULL,NULL),(254,380,5,200000,NULL,NULL),(255,381,5,200000,NULL,NULL),(256,384,4,150000,NULL,NULL),(257,385,2,250000,NULL,NULL),(258,385,3,250000,NULL,NULL),(259,388,5,50000,NULL,NULL),(260,392,4,35000,NULL,NULL),(261,393,3,150000,NULL,NULL),(262,396,2,600000,NULL,NULL),(263,396,4,600000,NULL,NULL),(264,397,5,300000,NULL,NULL),(265,400,6,400000,NULL,NULL),(266,401,2,1000000,NULL,NULL),(267,404,5,75000,NULL,NULL),(268,405,5,500000,NULL,NULL),(269,408,4,125000,NULL,NULL),(270,409,2,75000,NULL,NULL),(271,409,6,75000,NULL,NULL),(272,412,3,125000,NULL,NULL),(273,413,3,350000,NULL,NULL),(274,414,1,200000,NULL,NULL),(275,416,5,100000,NULL,NULL),(276,417,3,160000,NULL,NULL),(277,418,3,50000,NULL,NULL),(278,420,3,500000,NULL,NULL),(279,421,2,500000,NULL,NULL),(280,422,6,2500000,NULL,NULL),(281,424,1,100000,NULL,NULL),(282,425,1,12500,NULL,NULL),(283,425,2,12500,NULL,NULL),(284,426,3,75000,NULL,NULL),(285,426,4,75000,NULL,NULL),(286,428,3,275000,NULL,NULL),(287,429,4,250000,NULL,NULL),(288,432,2,200000,NULL,NULL),(289,433,3,75000,NULL,NULL),(290,434,1,150000,NULL,NULL),(291,436,5,100000,NULL,NULL),(292,437,4,350000,NULL,NULL),(293,440,6,300000,NULL,NULL),(294,441,3,300000,NULL,NULL),(295,444,1,75000,NULL,NULL),(296,444,2,75000,NULL,NULL),(297,445,4,110000,NULL,NULL),(298,448,5,50000,NULL,NULL),(299,449,3,75000,NULL,NULL),(300,452,1,80000,NULL,NULL),(301,453,4,60000,NULL,NULL),(302,456,2,300000,NULL,NULL),(303,458,4,750000,NULL,NULL),(304,460,2,125000,NULL,NULL),(305,462,1,50000,NULL,NULL),(306,462,6,50000,NULL,NULL),(307,463,3,75000,NULL,NULL),(308,464,2,150000,NULL,NULL),(309,465,2,325000,NULL,NULL),(310,465,5,325000,NULL,NULL),(311,466,5,75000,NULL,NULL),(312,468,5,60000,NULL,NULL),(313,474,3,100000,NULL,NULL),(314,476,1,150000,NULL,NULL),(315,477,2,500000,NULL,NULL),(316,479,2,200000,NULL,NULL),(317,479,4,200000,NULL,NULL),(318,479,6,200000,NULL,NULL),(319,480,3,362500,NULL,NULL),(320,480,4,362500,NULL,NULL),(321,483,2,100000,NULL,NULL),(322,483,5,100000,NULL,NULL),(323,484,4,5000000,NULL,NULL),(324,486,2,50000,NULL,NULL),(325,488,1,100000,NULL,NULL),(326,490,4,3000000,NULL,NULL),(327,491,2,100000,NULL,NULL),(328,492,2,75000,NULL,NULL),(329,492,4,75000,NULL,NULL),(330,494,2,300000,NULL,NULL),(331,495,5,500000,NULL,NULL);
/*!40000 ALTER TABLE `company_investor` ENABLE KEYS */;
UNLOCK TABLES;

--
-- Table structure for table `investor`
--

DROP TABLE IF EXISTS `investor`;
/*!40101 SET @saved_cs_client     = @@character_set_client */;
/*!40101 SET character_set_client = utf8 */;
CREATE TABLE `investor` (
  `id` int(11) NOT NULL AUTO_INCREMENT,
  `name` varchar(100) NOT NULL,
  `created_on` timestamp NULL DEFAULT NULL,
  PRIMARY KEY (`id`)
) ENGINE=InnoDB AUTO_INCREMENT=8 DEFAULT CHARSET=latin1;
/*!40101 SET character_set_client = @saved_cs_client */;

--
-- Dumping data for table `investor`
--

LOCK TABLES `investor` WRITE;
/*!40000 ALTER TABLE `investor` DISABLE KEYS */;
INSERT INTO `investor` VALUES (1,'Corcoran','2018-12-08 12:04:21'),(2,'Cuban','2018-12-08 12:04:21'),(3,'Greiner','2018-12-08 12:04:21'),(4,'Herjavec	','2018-12-08 12:04:21'),(5,'John	','2018-12-08 12:04:21'),(6,'OLeary','2018-12-08 12:04:21'),(7,'Harrington','2018-12-08 12:04:21');
/*!40000 ALTER TABLE `investor` ENABLE KEYS */;
UNLOCK TABLES;
/*!40103 SET TIME_ZONE=@OLD_TIME_ZONE */;

/*!40101 SET SQL_MODE=@OLD_SQL_MODE */;
/*!40014 SET FOREIGN_KEY_CHECKS=@OLD_FOREIGN_KEY_CHECKS */;
/*!40014 SET UNIQUE_CHECKS=@OLD_UNIQUE_CHECKS */;
/*!40101 SET CHARACTER_SET_CLIENT=@OLD_CHARACTER_SET_CLIENT */;
/*!40101 SET CHARACTER_SET_RESULTS=@OLD_CHARACTER_SET_RESULTS */;
/*!40101 SET COLLATION_CONNECTION=@OLD_COLLATION_CONNECTION */;
/*!40111 SET SQL_NOTES=@OLD_SQL_NOTES */;

-- Dump completed on 2018-12-09  3:12:40
